first_seen_time,mint,volume_7d,window_end,window_start
2026-06-14 21:52:32.000 UTC,7yLkBTAzAxDg8r6fpU77zqvkWkq4KmHENq7yBapHpump,1014811.4086739756,2026-06-18,2026-06-14
2026-06-13 15:41:35.000 UTC,2dJniDEAGCG7zWKseCkyrML3W23WLjDf1CGxpNv3pump,3282412.6233554343,2026-06-17,2026-06-13
2026-06-12 12:32:58.000 UTC,HekScrY6tsVMB7TMrkEmV5cEGz185PPvr86opBgipump,6769916.686890095,2026-06-16,2026-06-12
2026-06-12 12:32:58.000 UTC,HekScrY6tsVMB7TMrkEmV5cEGz185PPvr86opBgipump,6769916.686890095,2026-06-15,2026-06-11
2026-06-12 12:32:58.000 UTC,HekScrY6tsVMB7TMrkEmV5cEGz185PPvr86opBgipump,6769916.686890095,2026-06-14,2026-06-10
2026-06-12 12:32:58.000 UTC,HekScrY6tsVMB7TMrkEmV5cEGz185PPvr86opBgipump,6767277.679541264,2026-06-13,2026-06-09
2026-06-11 10:45:15.000 UTC,2ZcrrjkHkCoyoqx37t2njhTqXkq32di2QKdzHtAEpump,3571333.11278806,2026-06-12,2026-06-08
2026-06-07 05:15:31.000 UTC,BcHEaaTCvycPwwsJ9yQTXdHP9X2gCLkznDbZ8VySpump,14299601.291147064,2026-06-11,2026-06-07
2026-06-07 05:15:31.000 UTC,BcHEaaTCvycPwwsJ9yQTXdHP9X2gCLkznDbZ8VySpump,9456188.616176993,2026-06-10,2026-06-06
2026-06-05 19:08:52.000 UTC,3G8zFxHAnuWXiiC9MobE9EUUqV6m6MjL51YnN6tGpump,3183044.3486291,2026-06-09,2026-06-05
2026-06-04 15:53:49.000 UTC,2fmneaNnfqMDiqZ5uSbbHz5BzJ4CCDfbqRFMcYs3pump,10124879.92530729,2026-06-08,2026-06-04
2026-06-04 15:53:49.000 UTC,2fmneaNnfqMDiqZ5uSbbHz5BzJ4CCDfbqRFMcYs3pump,10124879.92530729,2026-06-07,2026-06-03
2026-06-04 15:53:49.000 UTC,2fmneaNnfqMDiqZ5uSbbHz5BzJ4CCDfbqRFMcYs3pump,10124508.978713734,2026-06-06,2026-06-02
2026-06-04 15:53:49.000 UTC,2fmneaNnfqMDiqZ5uSbbHz5BzJ4CCDfbqRFMcYs3pump,9814997.08707706,2026-06-05,2026-06-01
2026-06-02 19:28:40.000 UTC,CW9rCwVZXGXYgdUvCwLDGGRSL6EaH35QQAdrMuPCpump,7964397.795879824,2026-06-04,2026-05-31
2026-05-30 20:56:54.000 UTC,942f4nVof79Dcz67FXLzKJbPMCRCJ4JxboDVLdAspump,7813058.751780334,2026-06-03,2026-05-30
2026-05-29 09:03:10.000 UTC,8tBkpiirGqCu9kBV2TnJ7mbxWNYohsU11ftQtm5Fpump,10060481.554908415,2026-06-02,2026-05-29
2026-05-29 09:03:10.000 UTC,8tBkpiirGqCu9kBV2TnJ7mbxWNYohsU11ftQtm5Fpump,10060481.554908404,2026-06-01,2026-05-28
2026-05-27 21:37:50.000 UTC,HoR9QkmHZxjc2sVoQHrP4r4JifAb3gerjj7mnLLMpump,12058028.34771225,2026-05-31,2026-05-27
2026-05-27 21:37:50.000 UTC,HoR9QkmHZxjc2sVoQHrP4r4JifAb3gerjj7mnLLMpump,12058028.34771225,2026-05-30,2026-05-26
2026-05-27 19:46:53.000 UTC,GcfgUrLS2E9mfkSNjBNbJG8kgAVHqaNix32k6hdapump,8517866.448154813,2026-05-29,2026-05-25
2026-05-24 07:24:49.000 UTC,5s7tf6ih2CEZf7ZPNkJAtcknAq9DL5GsWHMMT3Jdpump,7317939.058567782,2026-05-28,2026-05-24
2026-05-23 07:56:40.000 UTC,FJnRdvWEdbitERChUnpEBSu1byvK7oVpi2bWGLQ7pump,10257796.982788716,2026-05-27,2026-05-23
2026-05-22 20:45:54.000 UTC,5hiLgyybrAYPpUwNFa38agfZ8iEtnahWKAPixcfspump,24620497.91333676,2026-05-26,2026-05-22
2026-05-22 20:45:54.000 UTC,5hiLgyybrAYPpUwNFa38agfZ8iEtnahWKAPixcfspump,21335165.58981262,2026-05-25,2026-05-21
2026-05-22 20:45:54.000 UTC,5hiLgyybrAYPpUwNFa38agfZ8iEtnahWKAPixcfspump,14487475.070372157,2026-05-24,2026-05-20
2026-05-21 10:43:43.000 UTC,2ftZFBoCKrgSNVVRn6dgRA3JVuBzF9r1gVLKt2CRpump,10565161.242912585,2026-05-23,2026-05-19
2026-05-18 09:53:53.000 UTC,BqGXQCmLekNSYwGS3J5ixvDMCg9AYyZHcSZxjxUdpump,11376000.173663942,2026-05-22,2026-05-18
2026-05-18 09:53:53.000 UTC,BqGXQCmLekNSYwGS3J5ixvDMCg9AYyZHcSZxjxUdpump,11376000.173663946,2026-05-21,2026-05-17
2026-05-18 09:53:53.000 UTC,BqGXQCmLekNSYwGS3J5ixvDMCg9AYyZHcSZxjxUdpump,11376000.173663946,2026-05-20,2026-05-16
2026-05-15 15:19:36.000 UTC,BRu86QCiJaeFbEDBWaTAUivg2ebhUd1ux8YYezn7pump,16513987.429985994,2026-05-19,2026-05-15
2026-05-15 15:19:36.000 UTC,BRu86QCiJaeFbEDBWaTAUivg2ebhUd1ux8YYezn7pump,16513987.429985994,2026-05-18,2026-05-14
2026-05-15 15:19:36.000 UTC,BRu86QCiJaeFbEDBWaTAUivg2ebhUd1ux8YYezn7pump,16065876.248416333,2026-05-17,2026-05-13
2026-05-12 11:05:37.000 UTC,3F3b9B3bnJJjpfGsMKfWNMffamVVn37XyJgHL2xLpump,24075505.66453746,2026-05-16,2026-05-12
2026-05-11 21:07:33.000 UTC,7HgfXftRBBqsYtAEYcqjGLQrNJLL6Tww9ek4rE3Apump,45297351.97205959,2026-05-15,2026-05-11
2026-05-11 21:07:33.000 UTC,7HgfXftRBBqsYtAEYcqjGLQrNJLL6Tww9ek4rE3Apump,41798469.21759029,2026-05-14,2026-05-10
2026-05-11 21:07:33.000 UTC,7HgfXftRBBqsYtAEYcqjGLQrNJLL6Tww9ek4rE3Apump,35243861.33836555,2026-05-13,2026-05-09
2026-05-11 21:07:33.000 UTC,7HgfXftRBBqsYtAEYcqjGLQrNJLL6Tww9ek4rE3Apump,19559669.0832209,2026-05-12,2026-05-08
2026-05-08 04:09:17.000 UTC,2R2F91ewRgZ6R33TcCDebK6Lh6pVTzAKgiURcpgVpump,7117727.960111756,2026-05-11,2026-05-07
2026-05-06 05:30:01.000 UTC,2UZ2GtUJkbGQa1SLJ8zsQznCQvb2z4EJ2g9ZxCT3pump,8795374.374269627,2026-05-10,2026-05-06
2026-05-06 05:30:01.000 UTC,2UZ2GtUJkbGQa1SLJ8zsQznCQvb2z4EJ2g9ZxCT3pump,8790481.682312794,2026-05-09,2026-05-05
2026-05-06 05:30:01.000 UTC,2UZ2GtUJkbGQa1SLJ8zsQznCQvb2z4EJ2g9ZxCT3pump,8782152.560373504,2026-05-08,2026-05-04
2026-05-04 16:42:14.000 UTC,Aw5SxKyYhXFdZj2BHCqs11UaV5ohwpFQjauB9jFhpump,6846225.659267871,2026-05-07,2026-05-03
2026-05-05 08:12:10.000 UTC,C4egP1mBDHKsu4CcQbrTsWsSH7GQ9BNfQcdKJnvZpump,4979483.721620468,2026-05-06,2026-05-02
2026-05-01 17:49:31.000 UTC,DuMM6RVrjAYBEnSy6MmoU6FCFQWtbiQqy1dgZUu7pump,7991577.025840176,2026-05-05,2026-05-01
2026-04-29 17:51:52.000 UTC,E8syR4zsgQG2zo9YyiyfX4ujubByR4z6qj9stjASpump,6389424.636222973,2026-05-03,2026-04-29
2026-04-29 17:51:52.000 UTC,E8syR4zsgQG2zo9YyiyfX4ujubByR4z6qj9stjASpump,6389424.636222973,2026-05-02,2026-04-28
2026-04-27 16:22:33.000 UTC,6AVAUKa9uxQpruHZUinFECpXEh1usRVtzQWK8N2wpump,47734021.43590172,2026-05-01,2026-04-27
2026-04-27 16:22:33.000 UTC,6AVAUKa9uxQpruHZUinFECpXEh1usRVtzQWK8N2wpump,47734021.43590172,2026-04-30,2026-04-26
2026-04-27 16:22:33.000 UTC,6AVAUKa9uxQpruHZUinFECpXEh1usRVtzQWK8N2wpump,45003267.57411995,2026-04-29,2026-04-25
2026-04-24 08:36:01.000 UTC,HGxYWHhDNGFh7FpoJTuwgNuB7VAHtpeBVBo1u73Tpump,35409786.46292232,2026-04-28,2026-04-24
2026-04-24 08:36:01.000 UTC,HGxYWHhDNGFh7FpoJTuwgNuB7VAHtpeBVBo1u73Tpump,35408318.24961529,2026-04-27,2026-04-23
2026-04-24 08:36:01.000 UTC,HGxYWHhDNGFh7FpoJTuwgNuB7VAHtpeBVBo1u73Tpump,35396919.28211395,2026-04-26,2026-04-22
2026-04-24 08:36:01.000 UTC,HGxYWHhDNGFh7FpoJTuwgNuB7VAHtpeBVBo1u73Tpump,20940824.39566673,2026-04-25,2026-04-21
2026-04-22 14:57:59.000 UTC,2pFFgMtw7GkE6Kr6Xpg81mqDvEihhoafg64HdheKpump,19328917.237720903,2026-04-24,2026-04-20
2026-04-21 06:58:57.000 UTC,GEqHfysfN5NumVfjsUk4w3cLzYR6BpdTLFGFb463pump,18432890.0,2026-04-23,2026-04-19
2026-04-18 13:39:06.000 UTC,BiBMG42BrmvJE5gY5UCXLURroGR6tBC1gfcYbZuEpump,40741412.952227205,2026-04-22,2026-04-18
2026-04-18 13:39:06.000 UTC,BiBMG42BrmvJE5gY5UCXLURroGR6tBC1gfcYbZuEpump,40739003.39414504,2026-04-21,2026-04-17
2026-04-18 13:39:06.000 UTC,BiBMG42BrmvJE5gY5UCXLURroGR6tBC1gfcYbZuEpump,40733914.49340806,2026-04-20,2026-04-16
2026-04-18 13:39:06.000 UTC,BiBMG42BrmvJE5gY5UCXLURroGR6tBC1gfcYbZuEpump,17675506.302108746,2026-04-19,2026-04-15
2026-04-15 10:54:27.000 UTC,CCSo5aPBWEXgyqxzQX5ejS8VGVbxZMCQFd6hmnfbpump,7320767.44126067,2026-04-18,2026-04-14
2026-04-15 10:54:27.000 UTC,CCSo5aPBWEXgyqxzQX5ejS8VGVbxZMCQFd6hmnfbpump,7320767.44126067,2026-04-17,2026-04-13
2026-04-15 10:54:27.000 UTC,CCSo5aPBWEXgyqxzQX5ejS8VGVbxZMCQFd6hmnfbpump,7320557.341997896,2026-04-16,2026-04-12
2026-04-11 04:27:37.000 UTC,8SC9X2zQLpdDsDF1h79HZtPqLGoYYqz5dJivbyqPpump,10300813.136006258,2026-04-15,2026-04-11
2026-04-10 13:40:18.000 UTC,7c5gm5fqvQuyteJ9G4pFaubqRVHuegsFXtfHJXBBpump,58341611.87234568,2026-04-14,2026-04-10
2026-04-10 13:40:18.000 UTC,7c5gm5fqvQuyteJ9G4pFaubqRVHuegsFXtfHJXBBpump,58323278.91149537,2026-04-13,2026-04-09
2026-04-10 13:40:18.000 UTC,7c5gm5fqvQuyteJ9G4pFaubqRVHuegsFXtfHJXBBpump,42740342.11301637,2026-04-12,2026-04-08
2026-04-10 13:40:18.000 UTC,7c5gm5fqvQuyteJ9G4pFaubqRVHuegsFXtfHJXBBpump,15018773.319051309,2026-04-11,2026-04-07
2026-04-07 04:03:18.000 UTC,GvLpXC6iPRaUhMUXKrEXr7P7ZjmQTe1XhVT239Bepump,5689560.445049224,2026-04-10,2026-04-06
2026-04-07 04:03:18.000 UTC,GvLpXC6iPRaUhMUXKrEXr7P7ZjmQTe1XhVT239Bepump,5689353.393769567,2026-04-09,2026-04-05
2026-04-07 04:03:18.000 UTC,GvLpXC6iPRaUhMUXKrEXr7P7ZjmQTe1XhVT239Bepump,5684595.633452222,2026-04-08,2026-04-04
2026-04-03 18:37:37.000 UTC,AZ85CxUBw9G8DeddCmbQBEKmvfiUHAEpw94aPXgopump,9086313.863346836,2026-04-07,2026-04-03
2026-04-03 18:37:37.000 UTC,AZ85CxUBw9G8DeddCmbQBEKmvfiUHAEpw94aPXgopump,9086148.010371909,2026-04-06,2026-04-02
2026-04-01 17:44:21.000 UTC,CGEDT9QZDvvH5GmVkWJH2BXiMJqMJySC9ihWyr7Spump,10671727.177023709,2026-04-05,2026-04-01
2026-03-31 17:19:34.000 UTC,3tXvLBVojpviB13khqqsV4f7uh51Gy8m5q39eXJCpump,59225240.94954158,2026-04-04,2026-03-31
2026-03-31 17:19:34.000 UTC,3tXvLBVojpviB13khqqsV4f7uh51Gy8m5q39eXJCpump,58703210.2126251,2026-04-03,2026-03-30
2026-03-31 17:19:34.000 UTC,3tXvLBVojpviB13khqqsV4f7uh51Gy8m5q39eXJCpump,45334221.10590646,2026-04-02,2026-03-29
2026-03-30 10:19:55.000 UTC,2vtuXdpMKHx8CsdeU1y2rr3tfyhPD51B2t5WTbUUpump,38035286.68479947,2026-04-01,2026-03-28
2026-03-30 10:19:55.000 UTC,2vtuXdpMKHx8CsdeU1y2rr3tfyhPD51B2t5WTbUUpump,25158316.017605472,2026-03-31,2026-03-27
2026-03-29 14:47:40.000 UTC,62YQpybJu6ivQmu1ba7rV3GY97voUNFFMQN5HdwMpump,5266164.575871186,2026-03-30,2026-03-26
2026-03-25 08:20:56.000 UTC,5vewKAFgqhLiX6ZENV9ihkq9F6AbjeU8n1iPGiNSpump,6233403.236291764,2026-03-29,2026-03-25
2026-03-25 08:20:56.000 UTC,5vewKAFgqhLiX6ZENV9ihkq9F6AbjeU8n1iPGiNSpump,6233403.236291764,2026-03-28,2026-03-24
2026-03-23 14:53:22.000 UTC,84cAEWqiDsV5xXh6CB69Hi3HcnumBbdjH4THfyorpump,16902777.73193306,2026-03-27,2026-03-23
2026-03-23 14:53:22.000 UTC,84cAEWqiDsV5xXh6CB69Hi3HcnumBbdjH4THfyorpump,16426776.991881143,2026-03-26,2026-03-22
2026-03-23 14:53:22.000 UTC,84cAEWqiDsV5xXh6CB69Hi3HcnumBbdjH4THfyorpump,14713739.282870471,2026-03-25,2026-03-21
2026-03-20 03:49:50.000 UTC,4xFcvQ46GNH47Rhetk9cUGHGzWiQENp4DQRhJEFMpump,13091554.52292848,2026-03-24,2026-03-20
2026-03-19 09:00:56.000 UTC,2TpMjYXnrgxoeVCq2i6EAR8vNWqe5MNvHCz3bENNpump,22354198.71809124,2026-03-23,2026-03-19
2026-03-19 09:00:56.000 UTC,2TpMjYXnrgxoeVCq2i6EAR8vNWqe5MNvHCz3bENNpump,15749857.409871984,2026-03-22,2026-03-18
2026-03-18 04:25:51.000 UTC,2hAFnvmAcj7meNZYDxjK7hBdCWnDrfXt129CH1V8pump,8193149.007254337,2026-03-21,2026-03-17
2026-03-18 04:25:51.000 UTC,2hAFnvmAcj7meNZYDxjK7hBdCWnDrfXt129CH1V8pump,8185797.874803143,2026-03-20,2026-03-16
2026-03-15 23:17:53.000 UTC,E6qaEsjGLGjC2Vnbm8LXTBGmzoTXkYd3EWqe1Nz4pump,15949868.208895938,2026-03-19,2026-03-15
2026-03-14 05:43:21.000 UTC,iNKezFtQnxqjX8JMrez3pT6VaV8VwhA1SZXTbbzpump,27222899.827558387,2026-03-18,2026-03-14
2026-03-14 05:43:21.000 UTC,iNKezFtQnxqjX8JMrez3pT6VaV8VwhA1SZXTbbzpump,27217134.703215707,2026-03-17,2026-03-13
2026-03-14 05:43:21.000 UTC,iNKezFtQnxqjX8JMrez3pT6VaV8VwhA1SZXTbbzpump,27189578.103931475,2026-03-16,2026-03-12
2026-03-14 05:57:53.000 UTC,D9g3NFv4qCeDFbj35DxB4aa53oDudfUtbv6S8Umdpump,19761105.07226798,2026-03-15,2026-03-11
2026-03-10 20:55:02.000 UTC,49LAGrxxRzkRYQJnr4t6M2RndqwZtaFqqDxmRWQLpump,23764747.97776453,2026-03-14,2026-03-10
2026-03-10 20:55:02.000 UTC,49LAGrxxRzkRYQJnr4t6M2RndqwZtaFqqDxmRWQLpump,23764436.82776453,2026-03-13,2026-03-09
2026-03-10 20:55:02.000 UTC,49LAGrxxRzkRYQJnr4t6M2RndqwZtaFqqDxmRWQLpump,17140339.229420524,2026-03-12,2026-03-08
2026-03-08 20:29:43.000 UTC,D2s6mouVNDtaVN4PkxdMesmFTHiB1veg3PJcDGiTpump,10994245.995073697,2026-03-11,2026-03-07
2026-03-08 20:29:43.000 UTC,D2s6mouVNDtaVN4PkxdMesmFTHiB1veg3PJcDGiTpump,10994245.995073697,2026-03-10,2026-03-06
2026-03-05 09:07:35.000 UTC,9HkvDxrZ9zXhecCJMLMeW4J43feUQZ96f7QEj6uUpump,20674397.635258324,2026-03-09,2026-03-05
2026-03-05 09:07:35.000 UTC,9HkvDxrZ9zXhecCJMLMeW4J43feUQZ96f7QEj6uUpump,20674084.1087325,2026-03-08,2026-03-04
2026-03-05 09:07:35.000 UTC,9HkvDxrZ9zXhecCJMLMeW4J43feUQZ96f7QEj6uUpump,20674084.1087325,2026-03-07,2026-03-03
2026-03-05 09:07:35.000 UTC,9HkvDxrZ9zXhecCJMLMeW4J43feUQZ96f7QEj6uUpump,20663317.03286185,2026-03-06,2026-03-02
2026-03-04 12:04:39.000 UTC,3reBmVkfEu6NLCjs4mYS8rcjiPZYTeGYPL82euHBpump,13176018.8015245,2026-03-05,2026-03-01
2026-02-28 08:26:52.000 UTC,atVjZ7uM8sVrLFi5Xe1JiLGW6mW9pvQdTCWzhNFpump,8699154.668159764,2026-03-04,2026-02-28
2026-02-28 08:26:52.000 UTC,atVjZ7uM8sVrLFi5Xe1JiLGW6mW9pvQdTCWzhNFpump,8126593.827242678,2026-03-03,2026-02-27
2026-02-28 08:26:52.000 UTC,atVjZ7uM8sVrLFi5Xe1JiLGW6mW9pvQdTCWzhNFpump,6862968.412984121,2026-03-02,2026-02-26
2026-02-25 10:29:16.000 UTC,7nePAcJhg88s1KFJptgaBvzYgHaUDzddgU65Etvtpump,41067382.48307405,2026-03-01,2026-02-25
2026-02-25 10:29:16.000 UTC,7nePAcJhg88s1KFJptgaBvzYgHaUDzddgU65Etvtpump,41063676.11444543,2026-02-28,2026-02-24
2026-02-25 10:29:16.000 UTC,7nePAcJhg88s1KFJptgaBvzYgHaUDzddgU65Etvtpump,41027080.47012619,2026-02-27,2026-02-23
2026-02-25 10:29:16.000 UTC,7nePAcJhg88s1KFJptgaBvzYgHaUDzddgU65Etvtpump,16248733.633200426,2026-02-26,2026-02-22
2026-02-21 16:28:25.000 UTC,8B44ouU62FXkjdChWZWLbuH4g57KSavgYMq9Vpd5pump,20620071.150077704,2026-02-25,2026-02-21
2026-02-20 04:15:42.000 UTC,AVF9F4C4j8b1Kh4BmNHqybDaHgnZpJ7W7yLvL7hUpump,78407131.49696162,2026-02-24,2026-02-20
2026-02-20 04:15:42.000 UTC,AVF9F4C4j8b1Kh4BmNHqybDaHgnZpJ7W7yLvL7hUpump,60320509.920438975,2026-02-23,2026-02-19
2026-02-20 04:15:42.000 UTC,AVF9F4C4j8b1Kh4BmNHqybDaHgnZpJ7W7yLvL7hUpump,37139590.21964152,2026-02-22,2026-02-18
2026-02-20 12:22:22.000 UTC,fH1YDRu48pBwedxhNxTRSLsriqx3ysUntRbKMtkpump,21883620.960966326,2026-02-21,2026-02-17
2026-02-17 14:49:35.000 UTC,HdvZF538TerjMWc1cmtWVKUaGkS8d77sGH5QaDCCpump,8232952.1628430495,2026-02-20,2026-02-16
2026-02-17 14:49:35.000 UTC,HdvZF538TerjMWc1cmtWVKUaGkS8d77sGH5QaDCCpump,8089430.183804463,2026-02-19,2026-02-15
2026-02-17 14:49:35.000 UTC,HdvZF538TerjMWc1cmtWVKUaGkS8d77sGH5QaDCCpump,6915174.384905255,2026-02-18,2026-02-14
2026-02-13 01:51:32.000 UTC,HSx8Bd9WgcD7xozkocf3CzGuH52uHwmvKRdP56Cbpump,6288865.069653373,2026-02-17,2026-02-13
2026-02-13 01:51:32.000 UTC,HSx8Bd9WgcD7xozkocf3CzGuH52uHwmvKRdP56Cbpump,6288865.069653371,2026-02-16,2026-02-12
2026-02-13 01:51:32.000 UTC,HSx8Bd9WgcD7xozkocf3CzGuH52uHwmvKRdP56Cbpump,6288865.069653373,2026-02-15,2026-02-11
2026-02-10 22:43:18.000 UTC,2qT8JVotQ2C1gKbqpuqNatkpSBWxiKHbXkCyTqH9pump,10675933.588286208,2026-02-14,2026-02-10
2026-02-09 18:00:58.000 UTC,GbqbsRyBHVPHEv7xLEsikXmdpPPiApLTJesDBbL5pump,11194183.701943992,2026-02-13,2026-02-09
2026-02-09 18:00:58.000 UTC,GbqbsRyBHVPHEv7xLEsikXmdpPPiApLTJesDBbL5pump,10580109.996004395,2026-02-12,2026-02-08
2026-02-07 20:42:33.000 UTC,71mfKdePwyWXtiF1mqu2aaCdMKnKuN664z2vEM2Xpump,8571573.091104738,2026-02-11,2026-02-07
2026-02-08 15:11:42.000 UTC,DALddkQK6BWC3fLNbtY3chzWGVTzABYwzkHrvAuupump,8202238.676293935,2026-02-10,2026-02-06
2026-02-05 14:08:13.000 UTC,21CnrFRqvEVkQZUTFmTXjcsJTLZhRY51ohoaCPwRpump,6324159.545774905,2026-02-09,2026-02-05
2026-02-04 03:29:54.000 UTC,C6HB4R62NeXacwT4CAfohnCTJiaLhYfuQZNsbsqypump,12476001.951938717,2026-02-08,2026-02-04
2026-02-04 03:29:54.000 UTC,C6HB4R62NeXacwT4CAfohnCTJiaLhYfuQZNsbsqypump,12475827.761487942,2026-02-07,2026-02-03
2026-02-02 16:45:36.000 UTC,63Z3Q7JX3SBGDiiwqqnPTVvHcuUk6ixkzsYQbKzhpump,15497621.031192385,2026-02-06,2026-02-02
2026-02-01 14:55:21.000 UTC,9S8edqWxoWz5LYLnxWUmWBJnePg35WfdYQp7HQkUpump,23919554.654921114,2026-02-05,2026-02-01
2026-01-31 00:00:00.000 UTC,EtieapLqjCakef6agupZyzcTQy2ypXT9k8GanMFzpump,232.0197528544,2026-02-04,2026-01-31
2026-01-30 04:20:26.000 UTC,CxoaKHTGYAUkHwzK5dazVYuG3vvEXExrGznMwX1ipump,13037775.979481556,2026-02-03,2026-01-30
2026-01-29 22:59:26.000 UTC,2akXpuyFXAVN5YofZpZMfBp2Vxognpmv9NooBMuHpump,54998663.72718073,2026-02-02,2026-01-29
2026-01-29 22:59:26.000 UTC,2akXpuyFXAVN5YofZpZMfBp2Vxognpmv9NooBMuHpump,54998663.72718073,2026-02-01,2026-01-28
2026-01-29 22:59:26.000 UTC,2akXpuyFXAVN5YofZpZMfBp2Vxognpmv9NooBMuHpump,54998663.72718073,2026-01-31,2026-01-27
2026-01-26 16:55:16.000 UTC,9KbgSh6XZaHiDBQE26tGTDuJuUZmVyvJGGabrE7fpump,24594428.740996268,2026-01-30,2026-01-26
2026-01-26 16:55:16.000 UTC,9KbgSh6XZaHiDBQE26tGTDuJuUZmVyvJGGabrE7fpump,21635125.19845706,2026-01-29,2026-01-25
2026-01-24 17:10:35.000 UTC,7MDApufGNAKDDTcM3hrUpUfZ8jcaXdaoSZy1sQdRpump,20666928.379204173,2026-01-28,2026-01-24
2026-01-24 17:10:35.000 UTC,7MDApufGNAKDDTcM3hrUpUfZ8jcaXdaoSZy1sQdRpump,20008809.198270865,2026-01-27,2026-01-23
2026-01-24 17:10:35.000 UTC,7MDApufGNAKDDTcM3hrUpUfZ8jcaXdaoSZy1sQdRpump,16656814.800642217,2026-01-26,2026-01-22
2026-01-21 04:08:38.000 UTC,E2BLSv4tXo7qA4Pr3nkJqxyn6743peC7x8E9D5s8pump,7177058.035326799,2026-01-25,2026-01-21
2026-01-21 21:36:39.000 UTC,HEPvyunjSoiua8rAWZVMjgZ5TLp9vMQ61iGQh2u7pump,6499153.639087648,2026-01-24,2026-01-20
2026-01-19 19:14:07.000 UTC,7CBMNqd5Yp9WTCqkJgfcxUBPWm4fEkZ8i4oRHGA9pump,8406280.615123566,2026-01-23,2026-01-19
2026-01-18 17:11:32.000 UTC,3yr17ZEE6wvCG7e3qD51XsfeSoSSKuCKptVissoopump,10118454.925580626,2026-01-22,2026-01-18
2026-01-17 19:52:44.000 UTC,GnFMf6JVRhAqPbA9r8yW16xycynKNkXfbaYbusLEpump,18195372.790080387,2026-01-21,2026-01-17
2026-01-17 19:52:44.000 UTC,GnFMf6JVRhAqPbA9r8yW16xycynKNkXfbaYbusLEpump,15914305.253449537,2026-01-20,2026-01-16
2026-01-16 20:19:22.000 UTC,cqTom87YkjzSUWBPjiSVBB7u3LU7HA49k8JhU85pump,8301033.619091017,2026-01-19,2026-01-15
2026-01-14 04:46:33.000 UTC,axUxN2q4AWzHaU6LXmjqQh7KEjaXDPKScjmzwEBpump,19988411.366469663,2026-01-18,2026-01-14
2026-01-14 04:46:33.000 UTC,axUxN2q4AWzHaU6LXmjqQh7KEjaXDPKScjmzwEBpump,18442893.460305184,2026-01-17,2026-01-13
2026-01-14 04:46:33.000 UTC,axUxN2q4AWzHaU6LXmjqQh7KEjaXDPKScjmzwEBpump,12599001.585351126,2026-01-16,2026-01-12
2026-01-11 17:01:31.000 UTC,3QrGcwFSKXiKetD5ixzZa7H4zHPuTg8grrH7s5Mzpump,12362072.188857935,2026-01-15,2026-01-11
2026-01-10 00:40:29.000 UTC,2nP9yKQNSGQy851iyawDvBkzkK2R2aqKArQCKc2gpump,49490550.995767474,2026-01-14,2026-01-10
2026-01-10 00:40:29.000 UTC,2nP9yKQNSGQy851iyawDvBkzkK2R2aqKArQCKc2gpump,23466372.41187161,2026-01-13,2026-01-09
2026-01-09 13:16:05.000 UTC,Cm6fNnMk7NfzStP9CZpsQA2v3jjzbcYGAxdJySmHpump,8633228.000946121,2026-01-12,2026-01-08
2026-01-07 10:36:01.000 UTC,9v26FDhCi5Eq91cBxzz2LGxyqcFPWeRHPTkSmgMNpump,9501321.577431727,2026-01-11,2026-01-07
2026-01-07 10:36:01.000 UTC,9v26FDhCi5Eq91cBxzz2LGxyqcFPWeRHPTkSmgMNpump,9501321.577431727,2026-01-10,2026-01-06
2026-01-07 10:36:01.000 UTC,9v26FDhCi5Eq91cBxzz2LGxyqcFPWeRHPTkSmgMNpump,9500670.519223625,2026-01-09,2026-01-05
2026-01-07 10:36:01.000 UTC,9v26FDhCi5Eq91cBxzz2LGxyqcFPWeRHPTkSmgMNpump,9498873.786854938,2026-01-08,2026-01-04
2026-01-03 06:43:33.000 UTC,GmcHBociFnbaqSZDt9oae648HWsHKPbUT5DFqdXCpump,8170563.195059461,2026-01-07,2026-01-03
2026-01-02 01:49:42.000 UTC,9NrkmoqwF1rBjsfKZvn7ngCy6zqvb8A6A5RfTvR2pump,9012601.287531652,2026-01-06,2026-01-02
2026-01-02 01:49:42.000 UTC,9NrkmoqwF1rBjsfKZvn7ngCy6zqvb8A6A5RfTvR2pump,8917404.94007532,2026-01-05,2026-01-01
2026-01-02 01:49:42.000 UTC,9NrkmoqwF1rBjsfKZvn7ngCy6zqvb8A6A5RfTvR2pump,8706535.012156144,2026-01-04,2025-12-31
2025-12-30 16:07:47.000 UTC,BRpYNPNcK56inxBpCgvQcm6odxPu1NJKsEQprG3pump,7237040.467245975,2026-01-03,2025-12-30
2025-12-29 18:23:41.000 UTC,Ew8KqgSitYucieR5KnSAL2SUFspcwA8AgSuZ5xWspump,10570147.897517169,2026-01-02,2025-12-29
2025-12-29 18:23:41.000 UTC,Ew8KqgSitYucieR5KnSAL2SUFspcwA8AgSuZ5xWspump,10076874.2700167,2026-01-01,2025-12-28
2025-12-27 18:23:18.000 UTC,3kC6gheQ5fxK8iKWWDHeomHU5Z6U2dUWfqEK6dpLpump,13662626.558860049,2025-12-31,2025-12-27
2025-12-27 18:23:18.000 UTC,3kC6gheQ5fxK8iKWWDHeomHU5Z6U2dUWfqEK6dpLpump,11224549.270831255,2025-12-30,2025-12-26
2025-12-27 18:23:18.000 UTC,3kC6gheQ5fxK8iKWWDHeomHU5Z6U2dUWfqEK6dpLpump,6148991.187805515,2025-12-29,2025-12-25
2025-12-24 22:04:19.000 UTC,FTdkGcfFUDcXbqRQL3YeLYJa3e3Pnaz6kJH1sBsapump,8990218.092378527,2025-12-28,2025-12-24
2025-12-24 22:04:19.000 UTC,FTdkGcfFUDcXbqRQL3YeLYJa3e3Pnaz6kJH1sBsapump,8642730.186495896,2025-12-27,2025-12-23
2025-12-22 20:56:11.000 UTC,864WM2kzNiM6cFqDeHs1pw6J2nGGRG1RuoAuxWJtpump,12048548.50801628,2025-12-26,2025-12-22
2025-12-22 20:56:11.000 UTC,864WM2kzNiM6cFqDeHs1pw6J2nGGRG1RuoAuxWJtpump,10765188.15484214,2025-12-25,2025-12-21
2025-12-22 20:56:11.000 UTC,864WM2kzNiM6cFqDeHs1pw6J2nGGRG1RuoAuxWJtpump,8453981.856088338,2025-12-24,2025-12-20
2025-12-19 15:53:35.000 UTC,5yCfkN5n5tH2kah4bDGa8G4AFM7nChqGXum8fRWpump,5547279.561600281,2025-12-23,2025-12-19
2025-12-18 15:39:46.000 UTC,Gbu7JAKhTVtGyRryg8cYPiKNhonXpUqbrZuCDjfUpump,11804738.91269915,2025-12-22,2025-12-18
2025-12-17 02:21:11.000 UTC,7sGdNQSvUGpahh6qyXB3g5gsdK9FAzZM299KyCXspump,9097041.245967742,2025-12-21,2025-12-17
2025-12-17 13:19:45.000 UTC,Bks2S3c3yMJAff1bbhX9dHCgekoHEmn3WN983Sspump,8670476.743908102,2025-12-20,2025-12-16
2025-12-15 03:20:36.000 UTC,rE4JjEYxBnTrgWkae6g58HnJAEoH2kyTo84rR4cpump,9273839.69412253,2025-12-19,2025-12-15
2025-12-15 03:20:36.000 UTC,rE4JjEYxBnTrgWkae6g58HnJAEoH2kyTo84rR4cpump,9273839.69412253,2025-12-18,2025-12-14
2025-12-15 03:20:36.000 UTC,rE4JjEYxBnTrgWkae6g58HnJAEoH2kyTo84rR4cpump,9273839.694122547,2025-12-17,2025-12-13
2025-12-12 07:55:28.000 UTC,x9bm2zv2uFBAqfZZ2duT5vL5jKEYcuZCvZJF2rQpump,14066003.770044474,2025-12-16,2025-12-12
2025-12-12 07:55:28.000 UTC,x9bm2zv2uFBAqfZZ2duT5vL5jKEYcuZCvZJF2rQpump,14065757.262888014,2025-12-15,2025-12-11
2025-12-12 07:55:28.000 UTC,x9bm2zv2uFBAqfZZ2duT5vL5jKEYcuZCvZJF2rQpump,14065757.262888014,2025-12-14,2025-12-10
2025-12-09 04:36:13.000 UTC,CibZ8y7HR75Pa65NGMr3keDd53DxaYuJ4bR7eoEwpump,28345721.3203424,2025-12-13,2025-12-09
2025-12-09 04:36:13.000 UTC,CibZ8y7HR75Pa65NGMr3keDd53DxaYuJ4bR7eoEwpump,26859564.9401564,2025-12-12,2025-12-08
2025-12-09 04:36:13.000 UTC,CibZ8y7HR75Pa65NGMr3keDd53DxaYuJ4bR7eoEwpump,21136052.028552104,2025-12-11,2025-12-07
2025-12-08 15:03:55.000 UTC,2ubbdfrHJmtpHvWaPTBPB5n4CmBxj9qTjfv8Kv4apump,12294525.575094434,2025-12-10,2025-12-06
2025-12-06 20:29:02.000 UTC,HQqgLF1Xwz4rmUYfrJ8R5Ay7LQUT9dJF1TQ8iJMspump,10692815.917025968,2025-12-09,2025-12-05
2025-12-04 17:01:37.000 UTC,Gka1TQEevBbVw4W9K15ER96ZzKByMTb6TBMQzWFEpump,13802443.210921789,2025-12-08,2025-12-04
2025-12-03 14:54:58.000 UTC,sdX4s2yAP8G5GBVJ2JTU3re1WvNJsha7bj59Z96pump,21272206.01766412,2025-12-07,2025-12-03
2025-12-03 14:54:58.000 UTC,sdX4s2yAP8G5GBVJ2JTU3re1WvNJsha7bj59Z96pump,21271874.26352669,2025-12-06,2025-12-02
2025-12-03 14:54:58.000 UTC,sdX4s2yAP8G5GBVJ2JTU3re1WvNJsha7bj59Z96pump,21271874.26352669,2025-12-05,2025-12-01
